,transaction_id,customer_id,product_id,product_category,amount,date
0,1,1001,2001,Electronics,299.99,2024-01-03
1,774,406,149,Furniture,849.99,2004-01-30
2,283,899,893,Crockery,299.99,1993-12-11
3,67,775,469,Shoes,909.99,2021-07-19
4,959,476,60,Furniture,529.99,2004-12-13
5,196,846,665,Crockery,939.99,2007-10-03
6,728,650,513,Shoes,489.99,1998-07-28
7,273,116,453,Shoes,649.99,2012-03-01
8,280,717,790,Electronics,929.99,2004-06-15
9,126,378,555,Dairy,619.99,2024-02-22
10,542,706,554,Crockery,639.99,2002-02-05
11,585,620,654,Furniture,329.99,2017-02-13
12,316,713,241,Pastry,739.99,2005-08-10
13,690,379,212,Dairy,329.99,2018-02-27
14,827,5,610,Pastry,949.99,2010-07-20
15,340,170,205,Dairy,739.99,2016-03-05
16,304,716,768,Crockery,809.99,2009-05-02
17,96,256,256,Electronics,909.99,2018-08-07
18,310,295,124,Dairy,169.99,2008-06-18
19,810,908,512,Electronics,749.99,2017-09-08
20,48,993,483,Pastry,279.99,2004-06-02
21,758,10,226,Furniture,219.99,1992-05-17
22,229,643,690,Crockery,879.99,2016-09-17
23,742,877,612,Shoes,839.99,2003-02-26
24,331,957,239,Furniture,19.990000000000002,1992-09-06
25,643,254,300,Dairy,119.99,2008-10-30
26,348,451,348,Dairy,919.99,1990-03-20
27,535,138,862,Shoes,179.99,2021-03-04
28,148,262,584,Crockery,289.99,1997-02-18
29,372,390,889,Crockery,519.99,2020-05-15
30,327,497,733,Crockery,189.99,2014-12-14
31,207,867,783,Electronics,439.99,2017-03-21
32,839,456,297,Pastry,209.99,2005-07-16
33,110,275,673,Crockery,789.99,2002-11-27
34,346,845,30,Pastry,979.99,2012-10-02
35,405,798,639,Crockery,359.99,1992-06-03
36,694,319,851,Dairy,489.99,2011-03-17
37,285,234,685,Electronics,769.99,2022-11-17
38,853,412,387,Electronics,69.99,2008-09-03
39,559,91,900,Pastry,149.99,2005-09-09
40,125,152,887,Electronics,969.99,2018-08-31
41,930,280,174,Dairy,799.99,2011-09-09
42,937,300,872,Crockery,409.99,2018-12-13
43,94,674,89,Shoes,479.99,2001-04-21
44,353,919,313,Shoes,549.99,1995-07-23
45,129,820,992,Electronics,879.99,2001-01-21
46,840,263,471,Crockery,799.99,2022-08-03
47,562,816,504,Dairy,389.99,2020-04-13
48,825,266,291,Electronics,309.99,2019-06-09
49,383,169,340,Pastry,989.99,2024-03-04
50,869,134,209,Pastry,859.99,2009-02-23
51,38,10,372,Shoes,379.99,2004-03-24
52,921,300,953,Dairy,99.99,2023-09-15
53,192,378,257,Furniture,489.99,1994-02-01
54,776,858,799,Dairy,499.99,2000-10-09
55,450,803,577,Furniture,819.99,2024-11-02
56,581,819,754,Crockery,289.99,2015-08-19
57,18,345,647,Dairy,179.99,1991-06-03
58,21,991,623,Pastry,779.99,1990-12-12
59,648,559,614,Dairy,319.99,1990-04-17
60,263,413,251,Crockery,689.99,1995-04-20
61,528,684,290,Pastry,309.99,2013-04-26
62,592,909,596,Shoes,239.99,2003-03-01
63,251,377,152,Furniture,49.99,1998-10-21
64,92,962,993,Pastry,89.99,2007-04-07
65,800,501,395,Electronics,299.99,2012-01-09
66,195,793,802,Crockery,649.99,2001-09-30
67,849,997,920,Pastry,719.99,2024-07-19
68,539,797,678,Shoes,949.99,2011-07-08
69,557,649,702,Shoes,229.99,2001-12-15
70,258,476,318,Furniture,629.99,2012-09-26
71,266,595,429,Dairy,149.99,1997-11-19
72,715,648,981,Electronics,629.99,1990-06-05
73,376,157,87,Crockery,239.99,1995-06-20
74,387,117,258,Furniture,259.99,1997-09-07
75,904,661,29,Furniture,499.99,2002-05-28
76,209,394,337,Crockery,419.99,2013-06-25
77,540,951,879,Electronics,169.99,1997-05-28
78,100,230,914,Pastry,199.99,2008-06-21
79,365,706,774,Dairy,659.99,1994-12-28
80,189,53,963,Electronics,439.99,2015-05-07
81,300,342,748,Furniture,229.99,2008-03-19
82,735,483,117,Shoes,709.99,2002-02-28
83,66,729,403,Pastry,289.99,2000-08-30
84,835,345,708,Furniture,509.99,2006-06-03
85,881,180,377,Pastry,859.99,1995-12-24
86,503,937,669,Electronics,29.990000000000002,2006-12-22
87,670,356,351,Furniture,659.99,2002-06-17
88,664,258,827,Crockery,669.99,1991-08-10
89,804,246,522,Pastry,989.99,1995-08-23
90,537,338,760,Dairy,759.99,2018-08-09
91,478,241,52,Shoes,519.99,2023-01-20
92,899,530,81,Pastry,349.99,2016-01-18
93,775,775,898,Dairy,19.990000000000002,2001-01-13
94,544,942,138,Crockery,169.99,2004-05-24
95,572,374,48,Pastry,669.99,2012-12-26
96,322,592,717,Electronics,39.99,2020-10-24
97,112,864,477,Dairy,319.99,2012-03-04
98,517,233,163,Crockery,319.99,2017-05-06
99,817,369,432,Crockery,379.99,2020-04-16
100,692,213,946,Furniture,939.99,2024-06-07
101,429,228,466,Shoes,199.99,1995-05-30
102,590,314,622,Shoes,489.99,2017-05-27
103,680,767,155,Shoes,89.99,1993-11-03
104,409,963,805,Dairy,799.99,1997-11-19
105,123,906,878,Shoes,259.99,2000-03-02
106,156,236,592,Pastry,889.99,1999-03-16
107,449,930,68,Dairy,749.99,2007-04-14
108,9,312,207,Crockery,709.99,2000-04-23
109,350,944,222,Furniture,569.99,1992-05-12
110,213,459,813,Dairy,579.99,1995-09-11
111,968,557,281,Electronics,649.99,2024-09-28
112,244,756,177,Shoes,439.99,1999-09-09
113,135,257,927,Shoes,959.99,2006-02-28
114,567,70,5,Shoes,879.99,2000-01-11
115,393,160,393,Dairy,449.99,2003-03-21
116,891,767,617,Shoes,639.99,2009-10-07
117,193,683,447,Electronics,759.99,2001-07-05
118,225,256,841,Dairy,469.99,2016-08-17
119,292,723,939,Pastry,299.99,2015-03-23
120,247,437,94,Shoes,789.99,2003-04-19
121,538,791,652,Crockery,409.99,2008-01-07
122,700,353,448,Shoes,59.99,1996-06-28
123,675,41,634,Dairy,769.99,1998-08-27
124,739,7,608,Electronics,299.99,1997-10-19
125,157,662,97,Crockery,729.99,1999-12-09
126,81,891,784,Shoes,439.99,2006-04-24
127,878,51,977,Electronics,799.99,1991-03-11
128,978,997,972,Furniture,859.99,2007-03-05
129,308,839,767,Pastry,949.99,1996-07-10
130,789,855,526,Electronics,729.99,2010-03-14
131,70,883,187,Pastry,609.99,2020-12-22
132,72,492,118,Furniture,189.99,2000-11-16
133,781,53,722,Furniture,769.99,1990-11-22
134,490,399,227,Shoes,979.99,2007-07-26
135,794,737,293,Pastry,779.99,1992-04-01
136,846,576,928,Dairy,249.99,2001-07-09
137,712,66,671,Furniture,569.99,2023-07-06
138,315,270,460,Electronics,369.99,2006-09-12
139,625,272,459,Furniture,609.99,2022-10-02
140,693,325,653,Crockery,909.99,2008-09-14
141,902,649,88,Dairy,239.99,2007-03-16
142,778,768,41,Shoes,769.99,2004-05-29
143,726,991,76,Shoes,819.99,2010-09-23
144,814,904,322,Crockery,99.99,2007-06-09
145,206,530,520,Furniture,109.99,1994-01-24
146,655,838,736,Furniture,159.99,2020-01-28
147,813,6,804,Crockery,849.99,2000-04-14
148,558,561,287,Pastry,299.99,2021-09-24
149,127,438,237,Pastry,519.99,2019-12-21
150,947,843,727,Furniture,109.99,1996-12-21
151,389,399,511,Furniture,569.99,1998-07-08
152,382,318,463,Crockery,389.99,2016-01-11
153,286,299,823,Pastry,559.99,1996-11-30
154,103,172,811,Crockery,19.990000000000002,1997-05-21
155,910,344,456,Furniture,829.99,2004-03-22
156,841,655,773,Dairy,839.99,1998-08-30
157,49,724,948,Dairy,179.99,2013-02-12
158,158,793,731,Dairy,219.99,2000-01-07
159,412,174,956,Electronics,939.99,2011-11-25
160,17,277,106,Crockery,189.99,2007-11-26
161,5,509,233,Crockery,779.99,2001-02-07
162,272,360,355,Electronics,749.99,2000-01-02
163,275,214,189,Electronics,229.99,2016-11-17
164,320,197,418,Furniture,259.99,2023-11-03
165,74,517,751,Dairy,719.99,2020-01-25
166,873,143,270,Furniture,669.99,2008-04-16
167,333,620,342,Crockery,239.99,2011-09-09
168,848,460,621,Dairy,109.99,2007-07-12
169,28,44,501,Dairy,149.99,1996-03-20
170,641,762,661,Dairy,919.99,2003-12-14
171,432,927,328,Crockery,189.99,2017-07-28
172,925,827,279,Pastry,219.99,1991-03-07
173,616,855,581,Shoes,259.99,2012-03-19
174,729,908,901,Electronics,979.99,2002-12-17
175,164,4,23,Furniture,509.99,2017-08-25
176,305,346,509,Furniture,69.99,2021-09-30
177,52,246,571,Furniture,39.99,1991-05-03
178,682,908,119,Pastry,299.99,2006-09-23
179,745,277,583,Pastry,139.99,2000-05-06
180,33,58,876,Furniture,849.99,2013-04-01
181,281,108,994,Pastry,209.99,2017-10-17
182,493,658,364,Pastry,619.99,2001-12-11
183,357,843,265,Pastry,149.99,1998-06-27
184,392,793,309,Crockery,139.99,2009-02-28
185,328,633,619,Electronics,469.99,1997-08-14
186,289,30,633,Pastry,719.99,2015-05-06
187,483,277,141,Dairy,289.99,2011-03-08
188,790,740,18,Pastry,989.99,1996-05-17
189,88,502,521,Furniture,729.99,2003-05-15
190,870,585,234,Shoes,599.99,1994-10-04
191,593,876,213,Crockery,179.99,2004-04-07
192,61,126,408,Dairy,29.990000000000002,2014-07-08
193,767,267,902,Pastry,599.99,2012-03-08
194,809,859,739,Crockery,549.99,2002-11-17
195,733,786,715,Pastry,109.99,1999-10-24
196,410,185,933,Pastry,549.99,2001-03-15
197,56,951,838,Crockery,519.99,1993-04-08
198,487,660,591,Shoes,49.99,1993-02-22
199,962,62,659,Pastry,169.99,2001-04-04
200,162,246,386,Pastry,339.99,2019-04-23
201,435,331,127,Dairy,529.99,1997-06-07
202,565,541,425,Crockery,619.99,1996-01-13
203,549,630,660,Furniture,539.99,2016-10-04
204,525,630,6,Crockery,559.99,2009-02-27
205,419,434,193,Dairy,309.99,2011-04-08
206,829,285,670,Pastry,689.99,1990-02-16
207,992,71,894,Crockery,859.99,2012-12-06
208,93,484,674,Shoes,879.99,2003-08-24
209,415,834,573,Pastry,369.99,2019-05-06
210,175,998,153,Shoes,589.99,2006-11-06
211,235,174,693,Electronics,109.99,2012-02-24
212,30,777,358,Dairy,349.99,2001-08-10
213,495,277,824,Pastry,619.99,2018-11-01
214,78,37,230,Electronics,599.99,2017-08-11
215,954,699,19,Electronics,549.99,2006-03-18
216,223,701,795,Electronics,659.99,2001-02-19
217,341,485,414,Pastry,289.99,1997-10-12
218,756,965,349,Pastry,669.99,2013-07-31
219,20,354,158,Electronics,869.99,2019-06-21
220,997,585,836,Crockery,789.99,2000-01-09
221,614,413,940,Shoes,199.99,2024-03-19
222,917,587,431,Pastry,649.99,2012-12-11
223,595,463,531,Crockery,69.99,1993-09-13
224,367,242,847,Shoes,279.99,2001-01-01
225,640,515,911,Electronics,769.99,2000-11-04
226,401,740,302,Pastry,989.99,1993-05-28
227,885,319,780,Furniture,659.99,1996-09-09
228,147,644,549,Dairy,349.99,1994-05-05
229,705,200,221,Dairy,569.99,2012-06-09
230,660,88,986,Pastry,859.99,2015-09-07
231,969,658,331,Furniture,859.99,1991-12-25
232,42,373,925,Dairy,509.99,1991-05-16
233,335,448,421,Shoes,149.99,1996-10-15
234,964,410,728,Crockery,59.99,1998-03-23
235,777,397,904,Electronics,959.99,1991-08-13
236,516,237,990,Crockery,449.99,2022-06-30
237,620,591,253,Furniture,149.99,2014-06-28
238,165,464,1,Electronics,549.99,1994-03-22
239,518,638,793,Shoes,179.99,2018-04-25
240,390,728,742,Electronics,639.99,2010-01-05
241,769,595,129,Crockery,519.99,1994-05-30
242,845,111,516,Shoes,789.99,2014-09-16
243,414,832,72,Shoes,29.990000000000002,2022-09-30
244,671,36,839,Dairy,489.99,2019-02-04
245,513,752,442,Crockery,899.99,2010-05-19
246,642,794,662,Dairy,519.99,2014-08-23
247,440,163,915,Crockery,129.99,2018-01-15
248,683,414,655,Furniture,719.99,2003-07-22
249,173,122,12,Pastry,649.99,2002-07-21
250,523,26,326,Pastry,939.99,1995-09-16
251,577,839,907,Dairy,399.99,2024-04-08
252,465,870,179,Crockery,649.99,1993-09-08
253,894,36,756,Dairy,949.99,2007-03-25
254,657,830,705,Electronics,299.99,2010-05-28
255,603,323,412,Shoes,249.99,2012-12-04
256,760,224,93,Dairy,79.99,2018-03-01
257,220,987,934,Pastry,39.99,2015-04-13
258,496,492,445,Crockery,809.99,2016-01-13
259,245,326,210,Crockery,219.99,2009-09-27
260,569,943,24,Dairy,819.99,1998-09-05
261,633,519,65,Crockery,989.99,2008-05-30
262,990,772,637,Crockery,619.99,1999-08-02
263,238,925,525,Shoes,119.99,1993-07-24
264,665,934,909,Shoes,209.99,2016-10-12
265,613,302,178,Electronics,899.99,2000-07-23
266,398,741,908,Pastry,299.99,1994-05-24
267,105,279,680,Crockery,749.99,1991-06-02
268,543,646,821,Electronics,109.99,2014-06-30
269,970,775,725,Pastry,899.99,1999-10-31
270,563,414,874,Shoes,339.99,2022-04-09
271,345,269,599,Dairy,819.99,2007-03-27
272,253,764,698,Dairy,479.99,2024-02-21
273,486,747,180,Shoes,879.99,1995-01-04
274,551,271,59,Crockery,449.99,2012-06-22
275,91,712,542,Electronics,99.99,2024-12-01
276,564,841,266,Pastry,439.99,2016-03-24
277,548,495,540,Electronics,819.99,2022-03-19
278,231,204,33,Electronics,399.99,2000-03-05
279,524,996,203,Electronics,759.99,2013-11-04
280,511,346,863,Crockery,299.99,2020-11-06
281,6,160,278,Furniture,629.99,1992-09-01
282,77,175,630,Pastry,179.99,2002-10-12
283,508,933,498,Electronics,879.99,1998-10-11
284,615,416,877,Dairy,599.99,2004-04-21
285,498,193,40,Dairy,479.99,2008-12-30
286,898,792,729,Electronics,559.99,2012-07-23
287,454,945,837,Pastry,329.99,1996-06-01
288,763,919,157,Electronics,499.99,2000-03-21
289,384,661,604,Pastry,619.99,2017-04-30
290,874,7,56,Electronics,549.99,2023-09-25
291,606,15,13,Shoes,399.99,2009-04-12
292,649,966,357,Electronics,549.99,1992-06-01
293,252,304,327,Furniture,249.99,2009-01-16
294,377,268,854,Dairy,709.99,2017-05-25
295,294,166,438,Pastry,869.99,2014-01-02
296,380,212,588,Crockery,589.99,1998-10-09
297,724,632,181,Electronics,679.99,2009-06-11
298,264,819,843,Shoes,519.99,2002-10-07
299,837,452,484,Pastry,349.99,2008-07-05
300,228,174,564,Crockery,619.99,1995-11-04
301,851,97,544,Pastry,419.99,2006-05-14
302,884,133,753,Dairy,319.99,2000-05-31
303,630,721,11,Furniture,269.99,2023-09-15
304,597,597,960,Electronics,99.99,2012-12-06
305,553,368,131,Shoes,29.990000000000002,2000-08-04
306,63,847,937,Shoes,619.99,2021-11-04
307,658,501,569,Crockery,129.99,2014-05-24
308,659,88,503,Dairy,249.99,2012-03-05
309,934,237,707,Crockery,849.99,1995-12-13
310,939,800,169,Pastry,599.99,2003-04-13
311,254,21,430,Pastry,139.99,2013-08-06
312,197,71,976,Furniture,799.99,2002-06-04
313,45,416,558,Dairy,399.99,2021-08-28
314,219,901,133,Dairy,169.99,1998-10-16
315,369,54,541,Crockery,679.99,2017-01-17
316,418,888,312,Pastry,809.99,2009-02-03
317,481,198,208,Electronics,619.99,2013-02-06
318,971,578,109,Shoes,549.99,2024-04-16
319,792,819,389,Electronics,1009.99,1995-01-10
320,807,991,888,Shoes,1009.99,2008-08-07
321,230,206,308,Pastry,819.99,2023-06-20
322,927,57,987,Furniture,259.99,1996-06-06
323,861,334,145,Furniture,999.99,2017-07-22
324,761,304,415,Electronics,479.99,2022-03-18
325,806,718,472,Crockery,59.99,2003-05-09
326,691,753,646,Electronics,569.99,2003-05-08
327,838,778,601,Shoes,889.99,2016-09-07
328,865,573,135,Furniture,659.99,1993-07-18
329,764,490,99,Furniture,59.99,2024-07-19
330,679,598,161,Crockery,739.99,2023-09-25
331,166,515,850,Crockery,809.99,2012-01-18
332,598,92,689,Crockery,849.99,2001-07-18
333,731,98,785,Shoes,319.99,2011-10-23
334,696,544,864,Electronics,139.99,2007-11-02
335,446,793,90,Electronics,519.99,1991-07-26
336,113,22,379,Shoes,599.99,2016-08-09
337,326,241,485,Furniture,839.99,1995-04-09
338,697,89,82,Pastry,799.99,1993-08-25
339,663,124,921,Dairy,739.99,2021-04-06
340,278,962,787,Shoes,779.99,1992-02-21
341,986,66,47,Furniture,759.99,1992-05-22
342,476,648,490,Pastry,359.99,2013-09-01
343,12,681,688,Shoes,499.99,2017-02-02
344,268,37,701,Dairy,889.99,1990-11-08
345,116,59,726,Shoes,749.99,2016-09-24
346,588,658,580,Pastry,679.99,2004-05-19
347,624,72,344,Shoes,409.99,1998-01-14
348,575,282,973,Furniture,459.99,1994-12-07
349,128,207,468,Electronics,399.99,2010-05-01
350,685,969,399,Dairy,829.99,2015-12-11
351,736,379,32,Pastry,799.99,1991-02-01
352,51,633,22,Shoes,579.99,1999-02-13
354,859,589,314,Electronics,659.99,2003-09-02
355,527,594,961,Pastry,539.99,2006-09-19
356,222,70,667,Electronics,49.99,1997-07-16
357,232,97,306,Crockery,249.99,2014-04-21
358,684,908,272,Crockery,439.99,1991-05-26
359,13,128,916,Electronics,309.99,1991-01-02
360,394,486,137,Furniture,819.99,2015-07-25
361,104,793,35,Electronics,279.99,2023-03-14
362,425,212,720,Furniture,929.99,2020-03-01
363,41,8,282,Furniture,329.99,2014-01-17
364,887,969,452,Pastry,819.99,2005-05-10
365,416,435,199,Pastry,699.99,2023-09-16
366,433,862,146,Shoes,729.99,2001-05-11
367,79,500,759,Shoes,779.99,2014-08-31
368,499,493,147,Dairy,199.99,1996-09-06
369,65,802,590,Shoes,629.99,2012-12-12
370,491,110,607,Pastry,109.99,1991-09-30
371,473,479,645,Furniture,999.99,2005-04-16
372,59,482,890,Dairy,449.99,2003-11-12
373,54,42,304,Shoes,269.99,2001-04-03
374,936,514,427,Pastry,789.99,2019-11-15
375,381,421,462,Furniture,169.99,1995-06-07
376,291,549,73,Dairy,189.99,2011-07-29
377,360,242,611,Electronics,379.99,2014-12-18
378,132,233,284,Crockery,279.99,2014-06-15
379,239,302,356,Shoes,699.99,1992-06-21
380,169,343,825,Dairy,929.99,1990-07-07
381,985,925,79,Pastry,499.99,2017-05-24
382,531,846,697,Shoes,399.99,2000-04-29
383,652,938,411,Electronics,859.99,2007-04-14
384,85,807,359,Pastry,919.99,1998-11-26
385,144,180,50,Crockery,409.99,1999-07-09
386,35,168,160,Furniture,579.99,2011-12-22
387,594,105,632,Pastry,249.99,2022-08-08
388,299,385,107,Pastry,749.99,2004-03-08
389,267,22,668,Pastry,429.99,2008-12-29
390,354,823,120,Dairy,229.99,2006-02-23
391,277,424,765,Pastry,629.99,1991-03-31
392,321,427,649,Shoes,1009.99,2024-07-14
393,287,700,317,Crockery,999.99,2018-11-08
394,574,422,502,Shoes,769.99,1993-09-23
395,909,915,43,Pastry,39.99,2010-01-25
396,634,340,548,Pastry,349.99,2001-01-07
397,467,201,397,Shoes,619.99,2005-04-05
398,974,761,457,Dairy,469.99,1998-12-16
399,50,253,273,Furniture,29.990000000000002,2008-10-03
400,215,484,529,Shoes,119.99,1997-02-15
401,635,70,123,Crockery,579.99,2003-06-19
402,984,803,723,Crockery,189.99,2010-03-19
403,600,797,597,Shoes,729.99,2020-01-15
404,309,673,741,Crockery,649.99,2011-09-23
405,748,369,371,Electronics,569.99,2022-07-17
406,186,251,15,Shoes,159.99,2010-05-05
407,647,748,954,Crockery,529.99,2007-01-29
408,631,405,505,Dairy,1009.99,2017-05-27
409,830,529,628,Pastry,379.99,2024-04-19
410,368,854,919,Electronics,979.99,1993-05-06
411,941,443,766,Crockery,559.99,2012-05-23
412,269,260,381,Shoes,109.99,2004-11-14
413,227,350,818,Crockery,259.99,1995-05-15
414,981,939,345,Dairy,279.99,2000-09-01
415,10,129,842,Electronics,489.99,2018-08-27
416,989,34,640,Pastry,309.99,2020-09-25
417,892,241,832,Electronics,589.99,1997-06-16
418,60,929,562,Electronics,749.99,1990-09-12
419,187,463,38,Crockery,819.99,2001-02-11
420,194,417,194,Crockery,819.99,2008-06-04
421,529,619,537,Furniture,889.99,2007-09-09
422,427,145,935,Crockery,229.99,2004-12-06
423,893,58,775,Crockery,909.99,2023-12-28
424,928,538,757,Electronics,269.99,1997-04-15
425,114,257,190,Shoes,189.99,1995-08-21
426,53,100,575,Electronics,659.99,2015-01-30
427,317,249,323,Pastry,509.99,1991-04-26
428,770,748,191,Electronics,859.99,2022-09-05
429,584,767,315,Shoes,179.99,2024-09-19
430,161,636,333,Shoes,219.99,1996-10-10
431,259,208,380,Furniture,1009.99,2004-06-04
432,469,319,200,Dairy,969.99,2001-04-12
433,823,827,172,Crockery,199.99,2005-10-26
434,834,835,407,Electronics,829.99,2023-10-30
435,494,174,642,Pastry,819.99,1996-12-09
436,608,97,918,Electronics,729.99,2022-07-06
437,591,509,700,Shoes,129.99,2019-04-05
438,452,359,102,Shoes,639.99,2003-09-08
439,907,107,743,Crockery,419.99,1995-09-27
440,362,287,677,Pastry,639.99,1990-03-08
441,295,440,168,Electronics,419.99,1998-05-24
442,717,722,797,Dairy,529.99,2024-02-03
443,422,533,385,Dairy,719.99,2001-08-13
444,949,512,424,Furniture,489.99,1996-01-06
445,301,742,899,Furniture,849.99,2019-12-20
446,977,833,46,Electronics,39.99,2000-02-17
447,117,523,663,Furniture,689.99,2012-09-28
448,532,435,7,Dairy,749.99,2024-01-28
449,170,117,524,Dairy,179.99,2019-09-07
450,442,183,800,Pastry,679.99,2017-03-25
451,504,245,206,Pastry,19.990000000000002,2012-02-20
452,136,445,709,Furniture,499.99,2017-12-12
453,515,394,535,Pastry,639.99,2022-09-21
454,379,701,165,Furniture,499.99,2005-03-30
455,329,609,873,Shoes,629.99,1998-10-05
456,139,630,576,Shoes,59.99,1994-04-09
457,180,608,263,Dairy,699.99,2024-03-15
458,545,384,77,Electronics,359.99,1997-01-02
459,843,873,985,Electronics,409.99,1994-04-09
460,674,268,413,Furniture,359.99,2012-05-15
461,550,286,491,Electronics,549.99,1994-07-14
462,43,989,749,Dairy,379.99,2007-06-30
463,699,441,585,Pastry,479.99,2020-06-26
464,856,268,566,Shoes,549.99,2019-02-22
465,622,590,615,Furniture,99.99,2004-06-12
466,826,704,613,Shoes,809.99,2004-07-07
467,140,839,631,Crockery,699.99,2012-08-30
468,740,460,955,Furniture,109.99,2017-10-18
469,421,312,713,Furniture,829.99,2018-08-01
470,437,621,216,Electronics,49.99,2011-12-28
471,426,584,186,Electronics,599.99,2011-11-18
472,656,325,63,Crockery,269.99,2000-05-02
473,710,193,740,Shoes,629.99,2024-08-24
474,571,377,966,Pastry,39.99,2014-09-11
475,765,591,288,Crockery,259.99,2000-07-23
476,801,116,971,Shoes,539.99,2012-04-06
477,676,413,58,Shoes,19.990000000000002,2022-04-15
478,274,577,426,Shoes,839.99,2012-11-29
479,138,366,694,Electronics,679.99,2003-10-19
480,821,609,53,Pastry,419.99,2005-02-28
481,68,590,105,Pastry,1009.99,2015-05-09
482,436,238,261,Furniture,979.99,2024-10-28
483,318,700,747,Crockery,159.99,2013-08-16
484,876,723,568,Crockery,839.99,2012-11-30
485,644,177,867,Electronics,289.99,2021-05-16
486,654,348,185,Crockery,809.99,2024-09-21
487,833,288,629,Shoes,889.99,2021-12-07
488,743,810,240,Furniture,709.99,2011-08-02
489,866,329,844,Crockery,449.99,2020-03-20
490,850,78,66,Crockery,49.99,2000-03-08
491,221,862,21,Shoes,859.99,2010-04-21
492,371,749,687,Shoes,139.99,1993-01-10
493,646,967,644,Crockery,919.99,1991-01-09
494,338,618,903,Shoes,439.99,1990-06-29
495,44,551,479,Electronics,899.99,1992-10-21
496,417,323,796,Shoes,779.99,2020-01-08
497,492,431,853,Pastry,899.99,2018-06-12
498,746,487,922,Shoes,109.99,2007-02-28
499,993,896,404,Shoes,559.99,2011-03-18
500,514,846,480,Crockery,299.99,2000-06-24
501,314,329,507,Shoes,239.99,2021-07-03
502,375,760,892,Dairy,979.99,1990-07-12
503,311,868,394,Dairy,189.99,1997-11-13
504,645,805,495,Furniture,459.99,1994-04-05
505,262,611,762,Crockery,29.990000000000002,2008-11-13
506,751,943,182,Electronics,279.99,1991-03-09
507,351,747,264,Shoes,129.99,2004-04-05
508,604,154,643,Pastry,519.99,2013-12-28
509,744,553,691,Pastry,1009.99,1993-11-30
510,455,67,334,Electronics,689.99,2009-11-05
511,15,889,488,Pastry,279.99,1998-07-28
512,750,907,247,Pastry,779.99,2018-05-11
513,653,779,481,Shoes,889.99,2014-02-03
514,201,419,400,Pastry,259.99,2006-12-07
515,883,212,959,Dairy,119.99,2008-04-06
516,151,47,886,Dairy,819.99,2024-06-11
517,55,512,277,Electronics,39.99,1995-02-10
518,752,332,31,Crockery,79.99,1995-04-18
519,906,981,809,Furniture,439.99,2015-04-08
520,57,199,369,Crockery,389.99,2014-12-12
521,552,397,763,Crockery,929.99,2004-03-02
522,797,451,798,Shoes,829.99,2006-05-07
523,502,782,166,Furniture,869.99,2019-06-11
524,561,994,699,Crockery,739.99,1991-09-17
525,773,206,352,Furniture,759.99,2023-01-08
526,554,339,228,Pastry,549.99,1990-10-20
527,408,103,648,Dairy,1009.99,1997-01-14
528,342,152,746,Crockery,649.99,2010-03-02
529,924,268,846,Crockery,319.99,2015-03-06
530,284,937,881,Pastry,549.99,2017-08-25
531,101,308,998,Furniture,159.99,2014-05-05
532,131,143,482,Shoes,179.99,2017-08-01
533,918,184,532,Electronics,319.99,1999-03-21
534,730,574,85,Crockery,619.99,1998-12-08
535,754,132,64,Shoes,809.99,2014-09-11
536,203,88,361,Shoes,859.99,2021-02-13
537,916,979,980,Crockery,399.99,2015-04-06
538,578,198,71,Pastry,819.99,2003-03-27
539,530,611,945,Furniture,29.990000000000002,2019-12-05
540,29,284,657,Crockery,559.99,2018-04-16
541,439,280,833,Dairy,319.99,2018-03-08
542,582,751,875,Pastry,679.99,2009-02-25
543,420,44,716,Furniture,159.99,2019-11-24
544,237,669,27,Pastry,459.99,2002-11-22
545,160,487,307,Crockery,769.99,2020-07-22
546,224,830,92,Crockery,329.99,2016-04-04
547,589,728,950,Furniture,869.99,1992-07-19
548,998,578,143,Shoes,449.99,1998-01-10
549,940,474,464,Furniture,389.99,2014-11-13
550,734,130,686,Dairy,89.99,2005-02-13
551,76,509,437,Shoes,999.99,1996-10-26
552,102,257,840,Pastry,239.99,1996-07-13
553,953,610,656,Furniture,429.99,2016-03-21
554,98,29,366,Electronics,779.99,2021-07-10
555,142,882,175,Pastry,39.99,2001-05-14
556,423,517,866,Dairy,759.99,2002-11-18
557,216,358,499,Dairy,169.99,1995-07-11
558,130,822,246,Crockery,419.99,1993-08-10
559,402,397,936,Pastry,1009.99,2006-11-27
560,374,664,98,Electronics,329.99,2012-10-19
561,580,632,676,Crockery,29.990000000000002,1994-09-05
562,177,400,159,Electronics,319.99,1990-09-18
563,451,9,170,Electronics,129.99,1993-01-15
564,948,978,744,Electronics,1009.99,1999-08-21
565,477,392,382,Shoes,519.99,2023-01-28
566,0,450,692,Electronics,439.99,2006-04-04
567,987,11,779,Furniture,699.99,2008-06-30
568,566,25,538,Furniture,849.99,2018-01-19
569,956,875,104,Electronics,919.99,2016-01-10
570,39,47,997,Crockery,589.99,2014-07-01
571,391,651,627,Crockery,939.99,1995-01-28
572,154,598,849,Electronics,899.99,2013-05-21
573,146,475,625,Pastry,59.99,1993-02-28
574,864,349,983,Crockery,479.99,2020-08-23
575,336,738,929,Crockery,559.99,2002-06-28
576,627,185,730,Furniture,869.99,1993-02-26
577,875,914,292,Dairy,139.99,1990-06-02
578,71,445,303,Crockery,689.99,2023-11-13
579,831,611,409,Crockery,569.99,1997-12-11
580,935,264,122,Electronics,619.99,2022-06-03
581,344,766,816,Pastry,139.99,2017-05-02
582,406,38,752,Dairy,139.99,2009-12-02
583,919,26,861,Shoes,479.99,1992-11-09
584,40,598,924,Crockery,219.99,2022-08-03
585,3,914,215,Furniture,579.99,2000-08-02
586,721,612,151,Crockery,359.99,2009-12-22
587,178,641,8,Crockery,729.99,1999-11-17
588,141,734,561,Furniture,419.99,1990-09-10
589,720,996,991,Furniture,89.99,2017-05-18
590,172,728,603,Crockery,339.99,2018-08-10
591,119,114,461,Shoes,339.99,1998-04-20
592,583,211,497,Electronics,309.99,2024-10-29
593,619,912,423,Dairy,179.99,2005-06-29
594,255,219,171,Crockery,819.99,1999-10-03
595,37,431,154,Furniture,429.99,2020-06-23
596,25,631,353,Electronics,69.99,2010-10-13
597,424,323,965,Electronics,349.99,2014-05-18
598,507,253,67,Shoes,439.99,2001-06-23
599,438,246,938,Furniture,429.99,1995-10-07
600,459,877,883,Crockery,199.99,2022-01-28
601,879,52,223,Pastry,359.99,2013-11-20
602,995,37,897,Shoes,859.99,2010-10-28
603,468,85,275,Shoes,219.99,2011-07-07
604,265,581,108,Pastry,189.99,1995-02-10
605,4,33,620,Pastry,379.99,2006-11-04
606,757,8,714,Pastry,669.99,2024-01-14
607,218,524,338,Crockery,169.99,1994-09-08
608,638,248,926,Electronics,109.99,2020-03-13
609,248,957,276,Dairy,129.99,2012-12-29
610,385,861,410,Electronics,279.99,2004-03-20
611,124,332,807,Furniture,899.99,1994-10-06
612,877,207,859,Pastry,929.99,2016-11-11
613,915,701,786,Pastry,449.99,2000-12-26
614,617,669,465,Shoes,19.990000000000002,2003-03-28
615,366,418,979,Dairy,829.99,2005-12-18
616,944,245,271,Shoes,309.99,2004-06-13
617,871,226,589,Shoes,299.99,1999-07-11
618,120,848,443,Pastry,819.99,2003-06-11
619,596,466,84,Electronics,899.99,2000-11-22
620,718,424,794,Electronics,799.99,2015-01-02
621,233,351,880,Dairy,139.99,2000-08-07
622,755,368,249,Pastry,569.99,2015-11-04
623,966,561,259,Dairy,509.99,1995-10-19
624,47,877,112,Crockery,929.99,2013-05-11
625,844,536,301,Furniture,969.99,2013-08-21
626,637,775,788,Electronics,219.99,2023-05-04
627,202,976,260,Shoes,179.99,2015-09-02
628,443,695,587,Electronics,619.99,2013-04-10
629,812,115,192,Shoes,19.990000000000002,2000-06-02
630,87,823,551,Shoes,599.99,2006-08-26
631,471,989,650,Electronics,69.99,2011-05-06
632,943,307,635,Furniture,49.99,2004-09-17
633,22,659,343,Furniture,769.99,2019-08-05
634,343,235,440,Furniture,89.99,2012-11-30
635,325,518,16,Dairy,689.99,2024-03-21
636,526,510,473,Electronics,499.99,1996-09-03
637,686,530,14,Electronics,549.99,2022-06-30
638,464,52,755,Pastry,49.99,1999-08-01
639,911,880,476,Crockery,549.99,1998-11-30
640,489,952,695,Pastry,599.99,1992-04-05
641,7,54,712,Pastry,229.99,1994-04-16
642,242,515,801,Crockery,209.99,2023-08-09
643,955,253,235,Furniture,339.99,1990-10-14
644,958,98,211,Pastry,999.99,1990-09-06
645,857,913,683,Electronics,249.99,1999-12-02
646,474,510,196,Electronics,289.99,2001-08-20
647,802,95,618,Dairy,729.99,1996-12-19
648,358,790,332,Shoes,779.99,1997-10-08
649,791,192,595,Crockery,349.99,2019-07-29
650,973,604,220,Dairy,889.99,2000-03-30
651,470,510,57,Electronics,949.99,1990-03-16
652,122,449,931,Shoes,159.99,2003-08-22
653,716,556,125,Furniture,559.99,2008-10-19
654,599,404,896,Furniture,319.99,1997-12-26
655,668,870,860,Electronics,869.99,2009-04-08
656,472,48,26,Crockery,719.99,2012-11-06
657,46,401,745,Furniture,369.99,2009-04-04
658,707,354,626,Dairy,549.99,2009-10-15
659,411,387,402,Shoes,749.99,2007-12-20
660,312,187,183,Shoes,1009.99,1991-02-09
661,90,911,518,Crockery,349.99,1990-11-08
662,430,933,20,Shoes,169.99,1996-08-19
663,952,483,515,Pastry,229.99,2012-11-07
664,667,706,478,Dairy,189.99,2007-05-12
665,404,615,311,Dairy,599.99,2021-10-05
666,951,845,602,Crockery,399.99,2020-05-09
667,587,318,378,Furniture,129.99,1997-09-07
668,901,395,267,Furniture,219.99,2021-09-08
669,150,248,176,Electronics,549.99,2018-04-17
670,666,322,563,Shoes,789.99,2019-06-15
671,795,351,439,Electronics,919.99,2005-05-23
672,541,515,9,Crockery,639.99,2002-02-27
673,447,819,444,Shoes,859.99,2015-08-28
674,460,649,737,Crockery,269.99,1998-08-20
675,484,506,528,Furniture,959.99,2009-02-15
676,672,81,791,Electronics,619.99,2006-06-04
677,905,964,350,Furniture,419.99,1998-05-10
678,991,67,61,Dairy,739.99,2005-03-03
679,323,798,868,Electronics,1009.99,2017-11-21
680,568,371,80,Dairy,259.99,2005-03-04
681,181,548,244,Shoes,209.99,2002-04-08
682,290,241,944,Shoes,259.99,2012-05-25
683,662,989,268,Pastry,779.99,1999-07-29
684,297,307,769,Electronics,119.99,2010-04-19
685,249,142,42,Dairy,419.99,2012-11-09
686,214,472,324,Crockery,159.99,2023-06-21
687,908,973,365,Crockery,19.990000000000002,2020-05-15
688,134,986,245,Furniture,369.99,2015-10-07
689,184,952,810,Pastry,459.99,1991-03-28
690,704,346,638,Pastry,369.99,2024-12-16
691,651,362,923,Dairy,839.99,2009-04-30
692,521,132,436,Crockery,169.99,2012-01-15
693,782,420,681,Dairy,669.99,2012-02-11
694,867,7,435,Crockery,359.99,1992-12-16
695,818,349,848,Furniture,439.99,1997-06-19
696,896,778,341,Shoes,229.99,2012-05-17
697,926,348,913,Shoes,489.99,1994-09-13
698,152,375,298,Dairy,939.99,1997-08-27
699,8,33,243,Shoes,409.99,1996-08-16
700,445,87,375,Pastry,209.99,2001-08-28
701,456,774,556,Furniture,439.99,1990-04-08
702,399,838,582,Crockery,229.99,2016-11-11
703,960,721,891,Furniture,449.99,1992-07-15
704,747,491,202,Furniture,389.99,1992-04-07
705,536,985,952,Shoes,109.99,2019-01-21
706,168,151,533,Crockery,299.99,2004-11-04
707,208,976,474,Shoes,759.99,2015-01-12
708,727,152,941,Pastry,739.99,1995-11-26
709,783,541,36,Crockery,579.99,1990-12-30
710,190,952,543,Electronics,29.990000000000002,2005-09-23
711,276,776,434,Crockery,669.99,2017-08-19
712,243,419,286,Electronics,379.99,2006-04-18
713,929,139,942,Shoes,469.99,1997-05-10
714,36,857,579,Dairy,189.99,2013-10-09
715,118,15,552,Electronics,889.99,2002-01-23
716,979,112,989,Pastry,639.99,2014-01-31
717,920,158,819,Pastry,329.99,2013-07-18
718,89,202,262,Furniture,249.99,2018-10-04
719,457,577,34,Crockery,899.99,2014-07-13
720,234,691,51,Furniture,149.99,2010-09-27
721,413,80,44,Shoes,339.99,2024-11-06
722,431,407,895,Crockery,849.99,2010-02-12
723,749,281,62,Electronics,329.99,2002-08-24
724,607,553,845,Electronics,109.99,1997-05-10
725,75,388,545,Crockery,59.99,1990-02-13
726,895,434,508,Crockery,209.99,1990-01-23
727,64,488,45,Shoes,389.99,2015-05-20
728,975,827,598,Electronics,89.99,2002-10-18
729,702,192,204,Electronics,399.99,1992-01-28
730,636,787,252,Furniture,259.99,2017-01-14
731,890,721,134,Shoes,789.99,2000-07-12
732,407,544,405,Shoes,129.99,1998-05-24
733,938,24,493,Electronics,209.99,2005-10-27
734,347,21,229,Dairy,289.99,2012-06-11
735,434,386,225,Shoes,509.99,1993-04-11
736,706,244,96,Furniture,89.99,1990-05-20
737,832,195,346,Shoes,369.99,2015-06-21
738,872,138,835,Shoes,759.99,2011-04-06
739,500,859,557,Electronics,779.99,1997-06-16
740,153,644,855,Crockery,959.99,2007-06-13
741,174,11,962,Shoes,129.99,2017-06-14
742,713,524,905,Crockery,589.99,2014-11-22
743,605,139,486,Crockery,669.99,2007-09-15
744,506,461,764,Furniture,119.99,2023-08-14
745,149,25,368,Crockery,59.99,2021-08-09
746,205,415,704,Dairy,799.99,2017-05-07
747,695,328,329,Shoes,419.99,2006-08-03
748,570,768,396,Shoes,859.99,2022-05-29
749,200,259,305,Pastry,839.99,2003-10-19
750,145,213,600,Electronics,749.99,1991-12-13
751,534,285,812,Pastry,889.99,1990-03-12
752,889,269,834,Crockery,329.99,2015-06-06
753,946,994,283,Electronics,299.99,2001-01-17
754,58,507,510,Furniture,399.99,2000-01-30
755,882,422,706,Furniture,289.99,2017-04-19
756,556,848,984,Furniture,249.99,1999-03-15
757,298,912,274,Pastry,209.99,2019-06-09
758,84,247,949,Furniture,239.99,1999-07-25
759,842,628,857,Crockery,119.99,2018-12-29
760,932,32,815,Pastry,509.99,1993-11-16
761,808,452,54,Crockery,749.99,2000-02-12
762,330,395,285,Electronics,649.99,2016-02-19
763,512,181,39,Dairy,859.99,2009-12-31
764,560,184,236,Shoes,679.99,1997-06-29
765,816,872,822,Shoes,659.99,1994-09-01
766,444,264,248,Shoes,859.99,2009-09-02
767,701,800,167,Shoes,329.99,2006-11-07
768,982,155,732,Furniture,589.99,2006-03-10
769,803,989,910,Furniture,649.99,2007-12-30
770,860,717,2,Dairy,679.99,2017-06-19
771,950,619,970,Furniture,199.99,2014-04-23
772,307,89,110,Pastry,389.99,2005-03-17
773,159,773,78,Crockery,499.99,1990-08-11
774,182,956,406,Pastry,499.99,1992-01-27
775,441,929,156,Electronics,859.99,1990-09-18
776,965,596,150,Electronics,669.99,2009-09-10
777,703,709,184,Pastry,759.99,2011-02-11
778,361,522,547,Pastry,49.99,2011-09-19
779,356,748,416,Furniture,89.99,1991-10-22
780,628,39,917,Pastry,229.99,1994-05-11
781,462,471,198,Crockery,999.99,2013-08-21
782,788,439,255,Pastry,549.99,1994-05-17
783,97,139,803,Electronics,329.99,1995-04-16
784,988,484,817,Pastry,219.99,2007-05-16
785,753,286,550,Dairy,249.99,2009-11-23
786,759,343,758,Furniture,349.99,2015-01-23
787,80,720,906,Crockery,729.99,2016-06-15
788,463,446,384,Shoes,529.99,1991-09-17
789,373,660,232,Pastry,559.99,2000-06-08
790,519,659,721,Furniture,659.99,2004-02-08
791,698,683,392,Furniture,199.99,1991-01-16
792,95,32,820,Pastry,159.99,1991-03-06
793,212,897,242,Dairy,349.99,1990-06-03
794,868,975,111,Pastry,629.99,2012-07-13
795,86,450,55,Shoes,259.99,2012-01-26
796,858,961,383,Crockery,689.99,2011-11-27
797,996,940,772,Furniture,119.99,2020-06-15
798,972,955,593,Dairy,539.99,1991-07-18
799,623,709,4,Pastry,259.99,1997-03-27
800,363,871,703,Furniture,429.99,2008-07-02
801,32,881,666,Electronics,269.99,2007-04-21
802,34,143,814,Furniture,199.99,2024-04-04
803,689,922,606,Crockery,999.99,2015-07-20
804,270,330,339,Furniture,669.99,2010-06-11
805,163,289,724,Furniture,19.990000000000002,1990-02-07
806,26,805,831,Electronics,819.99,2019-11-14
807,11,57,672,Pastry,689.99,2012-05-31
808,811,17,496,Furniture,989.99,2014-12-12
809,709,534,321,Shoes,809.99,1998-10-16
810,923,8,789,Crockery,699.99,2016-05-19
811,191,927,517,Pastry,259.99,1999-03-27
812,240,989,116,Pastry,919.99,1996-01-02
813,364,477,148,Crockery,499.99,2016-08-29
814,855,522,534,Electronics,859.99,2012-02-18
815,257,337,492,Crockery,249.99,1998-02-01
816,629,265,451,Shoes,499.99,2000-05-02
817,296,268,719,Crockery,69.99,2002-11-27
818,815,541,95,Pastry,869.99,2022-02-23
819,732,431,295,Crockery,919.99,2001-03-04
820,779,327,658,Dairy,249.99,2009-05-12
821,688,5,370,Furniture,209.99,2013-09-01
822,109,529,828,Shoes,149.99,1990-01-31
823,448,55,487,Crockery,459.99,1990-07-02
824,999,453,91,Shoes,459.99,2012-11-19
825,903,336,624,Crockery,549.99,2003-02-27
826,453,54,475,Pastry,719.99,2013-06-08
827,171,594,69,Crockery,819.99,2005-08-21
828,533,441,771,Crockery,889.99,2021-09-11
829,687,989,500,Furniture,889.99,2024-12-30
830,73,447,320,Furniture,689.99,2006-12-16
831,324,648,128,Crockery,679.99,2005-07-31
832,737,900,336,Pastry,809.99,2004-12-16
833,673,739,433,Dairy,449.99,2024-01-22
834,819,474,289,Pastry,539.99,2017-01-27
835,302,200,219,Electronics,539.99,2022-02-13
836,793,359,506,Crockery,629.99,2012-12-19
837,306,167,869,Dairy,569.99,2015-10-29
838,293,379,885,Shoes,39.99,1995-06-10
839,82,358,957,Crockery,889.99,2004-02-29
840,771,347,958,Pastry,79.99,1992-12-30
841,501,88,325,Shoes,809.99,2007-09-01
842,334,969,536,Crockery,559.99,2023-05-27
843,555,633,195,Pastry,749.99,2014-09-03
844,967,846,559,Pastry,419.99,1990-01-18
845,337,511,735,Crockery,859.99,2017-04-13
846,133,430,164,Dairy,609.99,2001-12-20
847,479,339,374,Electronics,759.99,1998-06-20
848,784,98,682,Pastry,539.99,2013-10-26
849,509,949,470,Electronics,19.990000000000002,1991-11-12
850,23,328,578,Dairy,269.99,1999-08-30
851,976,367,70,Furniture,999.99,2002-07-20
852,137,554,391,Furniture,979.99,2000-06-08
853,785,433,231,Furniture,219.99,2000-01-15
854,888,158,988,Shoes,299.99,1995-01-21
855,14,698,978,Shoes,979.99,1992-03-15
856,983,789,373,Furniture,229.99,2019-08-27
857,886,363,964,Furniture,659.99,2023-12-08
858,805,762,679,Pastry,749.99,2005-02-10
859,475,884,782,Furniture,529.99,2012-01-11
860,612,523,734,Furniture,329.99,2021-08-25
861,143,683,865,Electronics,279.99,1995-07-16
862,900,975,254,Furniture,789.99,2011-01-29
863,505,517,335,Electronics,869.99,2009-06-27
864,725,889,144,Furniture,169.99,2020-04-12
865,677,434,316,Electronics,19.990000000000002,2013-02-14
866,611,505,75,Shoes,439.99,2003-04-26
867,403,592,454,Shoes,489.99,1993-10-03
868,204,288,494,Shoes,99.99,2013-12-08
869,199,399,738,Dairy,949.99,2020-07-19
870,16,16,684,Pastry,899.99,2000-01-17
871,799,391,455,Shoes,859.99,2009-01-24
872,824,172,778,Shoes,609.99,2013-11-28
873,933,404,781,Furniture,49.99,2016-08-12
874,27,20,25,Dairy,279.99,1990-09-26
875,188,478,641,Crockery,889.99,1994-12-16
876,458,215,299,Electronics,339.99,2016-06-11
877,897,247,121,Pastry,609.99,2018-09-05
878,388,718,86,Dairy,59.99,2006-12-23
879,395,833,238,Shoes,309.99,1990-05-12
880,31,840,567,Shoes,59.99,1999-01-23
881,370,176,539,Furniture,529.99,2003-03-12
882,708,800,527,Electronics,529.99,2005-05-27
883,772,178,126,Dairy,119.99,1992-04-10
884,546,789,136,Shoes,279.99,1997-11-30
885,579,276,103,Furniture,79.99,1992-08-16
886,246,328,858,Dairy,179.99,2010-10-12
887,378,876,269,Dairy,19.990000000000002,1995-02-13
888,155,73,363,Dairy,799.99,1998-12-15
889,83,724,376,Pastry,209.99,1999-06-16
890,466,673,83,Electronics,329.99,1999-06-04
891,786,749,829,Pastry,879.99,2024-08-29
892,288,142,777,Crockery,219.99,2010-06-21
893,610,748,808,Furniture,859.99,2004-06-22
894,847,367,319,Crockery,939.99,2001-11-09
895,510,90,651,Shoes,119.99,1998-07-05
896,355,876,467,Crockery,109.99,2010-10-27
897,854,163,140,Pastry,29.990000000000002,2005-06-12
898,349,773,139,Dairy,699.99,2023-09-27
899,766,65,856,Pastry,639.99,1996-05-20
900,798,955,523,Furniture,559.99,2013-09-20
901,609,367,968,Electronics,239.99,2009-10-28
902,303,207,115,Crockery,149.99,2011-08-16
903,428,734,616,Pastry,939.99,2002-08-19
904,669,923,367,Furniture,779.99,2013-07-04
905,121,944,417,Crockery,749.99,1999-01-10
906,271,719,943,Shoes,469.99,2024-01-23
907,681,41,197,Furniture,239.99,1998-03-12
908,639,369,675,Crockery,869.99,2015-09-03
909,241,431,852,Furniture,79.99,2020-01-24
910,796,663,201,Shoes,339.99,2018-08-20
911,99,866,560,Pastry,439.99,2003-11-29
912,626,947,449,Electronics,39.99,2011-10-11
913,836,572,930,Shoes,639.99,1996-01-21
914,961,300,932,Furniture,249.99,2015-12-20
915,828,878,770,Pastry,959.99,2006-12-23
916,520,399,17,Shoes,49.99,2016-05-31
917,722,596,574,Crockery,889.99,1993-03-16
918,482,931,792,Shoes,869.99,2006-04-13
919,226,166,553,Pastry,39.99,1999-09-25
920,820,88,113,Furniture,879.99,1998-07-01
921,69,844,330,Crockery,339.99,2007-03-21
922,913,220,594,Pastry,239.99,2022-12-13
923,485,955,188,Furniture,719.99,2019-05-24
924,931,221,570,Shoes,119.99,1993-10-08
925,738,133,218,Electronics,589.99,1993-04-20
926,332,747,28,Furniture,819.99,2013-10-10
927,780,693,74,Pastry,1009.99,2017-06-02
928,185,589,142,Dairy,689.99,2012-01-31
929,107,993,806,Shoes,799.99,2015-07-12
930,618,347,173,Dairy,199.99,2010-04-18
931,359,966,882,Furniture,429.99,2001-11-20
932,522,373,605,Shoes,599.99,2022-01-22
933,980,335,969,Pastry,429.99,2009-07-24
934,461,336,49,Dairy,129.99,2021-08-25
935,942,348,360,Pastry,899.99,2022-08-26
936,386,62,947,Shoes,449.99,2004-07-12
937,863,280,450,Pastry,989.99,2013-03-12
938,339,789,37,Pastry,179.99,1994-01-28
939,198,481,696,Electronics,789.99,2023-12-20
940,787,25,996,Shoes,599.99,1990-04-27
941,601,453,100,Dairy,119.99,2023-05-16
942,741,746,912,Dairy,859.99,1996-07-13
943,179,371,546,Electronics,879.99,2016-07-22
944,945,644,130,Shoes,99.99,1995-10-21
945,313,26,280,Pastry,859.99,2023-03-19
946,250,557,530,Furniture,159.99,2014-12-29
947,19,397,718,Furniture,779.99,2024-12-02
948,678,352,347,Shoes,949.99,1996-11-21
949,880,441,951,Dairy,99.99,2004-10-03
950,183,189,489,Electronics,669.99,2009-02-28
951,279,540,830,Shoes,989.99,2012-08-08
952,602,423,565,Electronics,459.99,1990-07-06
953,400,183,995,Shoes,909.99,2022-08-04
954,762,706,519,Shoes,349.99,1990-07-23
955,994,119,711,Shoes,279.99,1997-05-19
956,661,156,420,Furniture,699.99,1992-02-21
957,576,5,132,Pastry,799.99,1995-06-14
958,210,130,354,Crockery,739.99,2000-11-08
959,957,800,572,Crockery,309.99,2000-08-08
960,573,360,514,Crockery,929.99,1998-07-21
961,922,473,664,Crockery,559.99,1996-05-07
962,24,927,294,Pastry,739.99,2012-07-23
963,488,643,398,Dairy,309.99,2004-06-27
964,396,437,3,Furniture,509.99,2005-09-08
965,497,243,974,Dairy,319.99,2023-06-04
966,261,44,776,Shoes,149.99,1990-09-05
967,167,537,0,Electronics,519.99,2004-10-03
968,547,903,870,Shoes,379.99,1995-02-04
969,852,490,710,Dairy,659.99,2001-05-31
970,176,775,401,Furniture,849.99,1993-06-15
971,480,802,982,Pastry,89.99,1999-02-28
972,282,19,999,Electronics,149.99,2019-11-05
973,632,802,871,Shoes,589.99,2015-06-12
974,650,650,217,Shoes,649.99,2022-08-17
975,106,728,296,Pastry,479.99,2007-12-07
976,2,327,975,Furniture,869.99,2007-07-24
977,912,353,967,Crockery,649.99,2017-12-12
978,621,300,609,Pastry,349.99,2003-10-27
979,319,691,114,Shoes,489.99,1993-10-25
980,352,760,422,Dairy,389.99,2000-04-14
981,586,982,826,Electronics,309.99,2023-06-09
982,260,791,750,Dairy,479.99,2007-09-29
983,211,364,446,Dairy,499.99,2024-10-17
984,719,314,388,Dairy,429.99,2003-12-25
985,62,295,761,Crockery,129.99,2013-05-08
986,111,628,390,Crockery,249.99,2010-04-01
987,822,632,101,Electronics,459.99,2019-03-17
988,217,68,419,Shoes,629.99,2014-12-16
989,963,851,214,Crockery,439.99,2006-10-27
990,862,191,884,Electronics,699.99,2008-11-13
991,914,519,586,Furniture,619.99,1991-09-30
992,236,258,250,Shoes,19.990000000000002,2024-08-28
993,768,316,162,Furniture,669.99,2015-06-29
994,397,207,428,Electronics,869.99,2001-09-24
995,115,801,310,Furniture,139.99,1993-05-13
996,723,485,441,Furniture,339.99,2015-09-28
997,714,93,362,Pastry,629.99,2020-12-17
998,108,15,224,Electronics,679.99,1998-11-07
999,256,823,10,Shoes,59.99,1998-12-22
1000,711,640,458,Pastry,189.99,2005-04-12
